status,order_id,address,btcvalue,received,created_by,product
-1,d5dec45a-db51-11ed-ad1e-a689fce74f05,bc1q0snual9yqlfege9c0m0uxmutyj6mzm5qe09n79,365144.0161194486,,pointsk9,wells fargo
-1,a8aa2684-df06-11ed-8f24-1aef557b07e2,bc1q7ljq8ft939qn7h7yprv3n93nhpfqtcjw793jaf,486560.5037986474,,Kelly,PayPal log
-1,2b7dea52-df81-11ed-91ad-e2440b1d7cfb,bc1qdjptj2shk7y0gaxg5jym5kz5sw3h30t4n3eanw,3507.774983250375,1000000.0,test 1,Huntington bank
-1,2b8f1db6-df88-11ed-a427-7e15ffaddbb1,bc1q522emkjxrqe2pc7nqj9c3xtgdjy5xf8esndxtg,526452.4823989386,,test 1,TD bank
-1,fe4f551a-e099-11ed-81fc-72c8028fa167,bc1qs4mt78mr2slqslxce958grq4jsd86zu83de4z4,739773.5553147182,,ifyjunior22,Cash App log
-1,8a78c039-e0a2-11ed-8c05-ce5e153415a7,bc1q9tzkphl7rfckfzse3dv43n66sgu8tcad57fnd9,1110576.3891459669,,zoozooz,Decryptor
-1,2b7dea52-df81-11ed-91ad-e2440b1d7cfb,bc1qdp33y5kjtuzfgtt6qadgslm0dkjr82pey35cfq,3507.774983250375,10000000.0,test 1,Decryptor
-1,1cc5861b-d5be-11ed-8728-d2010c3111f8,bc1qcuk0mv9yvkl8j0hjyfdh3hnj5uts9lem83e9y8,71972.99573200135,100000000.0,Kelly,Clone cards
-1,7be29753-e607-11ed-ad0c-7aad1c96f368,bc1qgu92xydxxeeeqtlwkkhlvqr4ny6lput3rr32h7,687845.4273755602,,lilokni,Huntington bank
-1,1cc5861b-d5be-11ed-8728-d2010c3111f8,bc1qcuk0mv9yvkl8j0hjyfdh3hnj5uts9lem83e9y8,71972.99573200135,100000000.0,Kelly,Cashapp logs
-1,1cc5861b-d5be-11ed-8728-d2010c3111f8,bc1qcuk0mv9yvkl8j0hjyfdh3hnj5uts9lem83e9y8,71972.99573200135,100000000.0,Kelly,Chase bank
-1,1cc5861b-d5be-11ed-8728-d2010c3111f8,bc1qcuk0mv9yvkl8j0hjyfdh3hnj5uts9lem83e9y8,71972.99573200135,100000000.0,Kelly,TD bank
-1,e71b7c54-df88-11ed-8884-1a208441f845,bc1qw6myk6dwsr4jjeu25jv5xu3kunjgtqww83fcvx,3508.304155937103,0.0,zoozoo,Huntington bank
-1,2b7dea52-df81-11ed-91ad-e2440b1d7cfb,bc1qdp33y5kjtuzfgtt6qadgslm0dkjr82pey35cfq,3507.774983250375,10000000.0,test 1,TD bank
-1,1cc5861b-d5be-11ed-8728-d2010c3111f8,bc1qcuk0mv9yvkl8j0hjyfdh3hnj5uts9lem83e9y8,71972.99573200135,100000000.0,Kelly,TD bank
-1,1cc5861b-d5be-11ed-8728-d2010c3111f8,bc1q790gezjzjfhp9ete3zhxd3mcw7q6kh8lc6gqz6,71972.99573200135,0.0,Kelly,TD bank
-1,1cc5861b-d5be-11ed-8728-d2010c3111f8,bc1q790gezjzjfhp9ete3zhxd3mcw7q6kh8lc6gqz6,71972.99573200135,0.0,Kelly,Wood forest bank
-1,1cc5861b-d5be-11ed-8728-d2010c3111f8,bc1q790gezjzjfhp9ete3zhxd3mcw7q6kh8lc6gqz6,71972.99573200135,0.0,Kelly,Chime logs
-1,1cc5861b-d5be-11ed-8728-d2010c3111f8,bc1q790gezjzjfhp9ete3zhxd3mcw7q6kh8lc6gqz6,71972.99573200135,0.0,Kelly,M&T bank
-1,2b7dea52-df81-11ed-91ad-e2440b1d7cfb,bc1qdp33y5kjtuzfgtt6qadgslm0dkjr82pey35cfq,3507.774983250375,10000000.0,test 1,BOA bank
-1,2b7dea52-df81-11ed-91ad-e2440b1d7cfb,bc1qdp33y5kjtuzfgtt6qadgslm0dkjr82pey35cfq,3507.774983250375,10000000.0,test 1,Boa bank
-1,1cc5861b-d5be-11ed-8728-d2010c3111f8,bc1q790gezjzjfhp9ete3zhxd3mcw7q6kh8lc6gqz6,71972.99573200135,0.0,Kelly,TD bank
-1,1cc5861b-d5be-11ed-8728-d2010c3111f8,bc1q790gezjzjfhp9ete3zhxd3mcw7q6kh8lc6gqz6,71972.99573200135,0.0,Kelly,Boa bank
-1,2b7dea52-df81-11ed-91ad-e2440b1d7cfb,bc1qdp33y5kjtuzfgtt6qadgslm0dkjr82pey35cfq,3507.774983250375,10000000.0,test 1,Huntington bank
-1,2b7dea52-df81-11ed-91ad-e2440b1d7cfb,bc1qdp33y5kjtuzfgtt6qadgslm0dkjr82pey35cfq,3507.774983250375,10000000.0,test 1,Huntington bank
-1,68e2a525-e2c4-11ed-865d-46c0bc7d104e,bc1qcey6etve6sak5yt5uusez2qeadekvydfmphhqu,554663.9845581546,,carfysure,Huntington bank
-1,6ef5838a-e2c4-11ed-8384-962ef6680cac,bc1q6xrauywaf9rcs8vknuwvnns2h5mlxl7j2g3uqu,554663.9845581546,,carfysure,Huntington bank
-1,1cc5861b-d5be-11ed-8728-d2010c3111f8,bc1q790gezjzjfhp9ete3zhxd3mcw7q6kh8lc6gqz6,71972.99573200135,0.0,Kelly,Huntington bank
-1,2b7dea52-df81-11ed-91ad-e2440b1d7cfb,bc1qdp33y5kjtuzfgtt6qadgslm0dkjr82pey35cfq,3507.774983250375,10000000.0,test 1,Wood forest bank
-1,1cc5861b-d5be-11ed-8728-d2010c3111f8,bc1q790gezjzjfhp9ete3zhxd3mcw7q6kh8lc6gqz6,71972.99573200135,0.0,Kelly,Wood forest bank
-1,1cc5861b-d5be-11ed-8728-d2010c3111f8,bc1q790gezjzjfhp9ete3zhxd3mcw7q6kh8lc6gqz6,71972.99573200135,0.0,Kelly,Wood forest bank
-1,6dfe32d0-e509-11ed-9e2e-7aad1c96f368,bc1qhffcdmgdlufwqvszwjh2uletwfn3nu3zphra9l,521428.9935377567,,udoaha,Citizens bank
-1,162e512a-e5d7-11ed-86ca-022ac2de6b4a,bc1qfmv098d6z35zhlp2j7mpylxpp0wf782xwkufkl,522035.1016402343,,micka,Chime logs
-1,3dea77eb-e4f2-11ed-9969-7aad1c96f368,bc1qgkwnx4hswq4hv7hg6lm4pzc4valmjg59u5yj44,3491.2665966085833,0.0,mr clean,Huntington bank
-1,7b620529-e5f7-11ed-b8b9-7aad1c96f368,bc1qdzwlm7v5f4nyarldaldg2m9yualnkn2pwcklsm,517323.4375107775,,brasidyk02,BOA bank
-1,1b9d03fd-e61a-11ed-b737-022ac2de6b4a,bc1ql9gjj0cl2vvsv8g2x4ud7phh7rvuvkyj7z4snj,515586.1699165782,,gameonanon,TD bank
-1,e3c8561b-e6bc-11ed-899c-7aad1c96f368,bc1ql3vldtew95kcmyl07zvfzz0y65kz64v94dftdj,380417.49090456363,,mob5656,Huntington bank
-1,659aefd5-e6df-11ed-b6a2-022ac2de6b4a,bc1qqdu8ukyjnyxzmnu96y54j230f9huncv07kphk6,483893.2669708282,,kada,PayPal log
-1,0d689e73-e5cd-11ed-8a02-7aad1c96f368,bc1q0xgg8qvx4t84275wxsxf0j4nsg2qc3gm0qtly2,3484.9398325137913,0.0,tony,Huntington bank
-1,411fdcfa-e84d-11ed-b555-022ac2de6b4a,bc1qkyncv6gmeyyuhxpv2d9xxj3kqgd6wf3kjwz5x3,394122.5577837414,,lordleet,Huntington bank
-1,5a720036-e882-11ed-a70f-7aad1c96f368,bc1qpf65ahmnd9pcrt5vp0dm3uv2703ewd44gnrnnt,539739.198019517,,1swipe,BOA bank
-1,1f76604f-e88f-11ed-a14f-022ac2de6b4a,bc1q5vpxjtzd9lr3xfj9yyfnac6pvghplw7haxv5wt,397423.25215060177,,venicesconfidential,Huntington bank
-1,3b21a949-e88f-11ed-8330-7aad1c96f368,bc1q2mf5ez9k75zw9zstppf2hktmtfwj3n4s82jsrg,1083881.5967743683,,1swipe,well fargo
-1,698f151b-e8e1-11ed-975b-7aad1c96f368,bc1qdajtjr65kyqeznc4c8nrnuxzh4x496lfgr4xh8,395573.8878080531,,venicesconfidential,Huntington bank
-1,76fa98d3-e88d-11ed-bfac-022ac2de6b4a,bc1q40xhr9x282xa7azf0g3znsfamw7540cf3p5xwj,3611.920783353379,0.0,venicesconfidential,Huntington bank
-1,9d604db4-e899-11ed-af53-022ac2de6b4a,bc1qu8jxsysmsafuqplwgjwetjmkwzt6a6ncu4m8yw,3613.6959074893844,0.0,kaamupnext,wells fargo
-1,8df448cb-e9fc-11ed-90e8-7aad1c96f368,bc1qcevwjq36k66er59dmtmgyzsdcr47x3qwu63s08,523415.8818336305,,qweku,Cash App log
-1,e3799c68-ea02-11ed-8a87-022ac2de6b4a,bc1qp59e59qv92tvaqxcnuzdnvxamu9d2dyuehd4ev,519280.8998099432,,gabe,Wood forest bank
2,500d3fb9-f1e0-11ed-9127-b20100d79115,bc1qcwplzuvylmj0gkdadf4c5yd0szpx58qt5ypl07,563596.1945984941,7400.0,makdul,Chase bank
2,c33795bd-eaa4-11ed-9e88-7aad1c96f368,bc1qhru83909ajuvxdfug98evcfp4707kqs379rqhz,700542.5702206359,697000.0,mr clean,Decryptor
-1,29cf182b-eadf-11ed-87cf-7aad1c96f368,bc1qtzez62eyhn7yj8yf7mq4yyeswwzp0t949fq0lp,732963.8264900107,,kswiper,Huntington bank
-1,de4bd0ef-ec2a-11ed-824c-7aad1c96f368,bc1qas5eahdehgmklczer3hmleemt4gwprvmj8rnwm,527773.1841963598,,richnodster,Cash App log
-1,d7308e4f-eea0-11ed-8959-7aad1c96f368,bc1qj2l4mesfcgxk64vpzpn9c7z4s94gqa6udcfzx8,548706.880784285,,quay,Wells Fargo
-1,db322665-eea0-11ed-aeb3-022ac2de6b4a,bc1q7frhsgknkxcyxep72pdyves8vcymr7yadkyut8,548706.880784285,,quay,Wells Fargo
-1,6a8a1dc0-ef72-11ed-a81d-7aad1c96f368,bc1qtw38yajxn277fnc7czsktjue5jv2e6prg0klyn,543555.0675638949,,quay,Wells Fargo
-1,6ba757ca-ef72-11ed-8282-022ac2de6b4a,bc1qyge6adkskdcdm5p4pwtfv87q53z6mf7ce234rk,543555.0675638949,,quay,Wells Fargo
-1,70f0d3e4-ef72-11ed-b113-022ac2de6b4a,bc1qme9h3slvd9etkyx7yl5pvk5tnz5ffjh6rhj6vp,543555.0675638949,,quay,Wells Fargo
-1,bd574304-f11e-11ed-a7b0-d24f4457e4fa,bc1qmudl42cq0zr67xda60hhadu9hygt549dw97wqn,565879.7166074379,,calssifiedfish,Cash App log
-1,5534bcf6-f142-11ed-8a0d-d24f4457e4fa,bc1qewuqvq2mj60k2qlmzp4dte363azed8lnmz8yum,1129084.4630450655,,clara13304,well fargo
-1,bfa82d92-f1a8-11ed-b52c-b20100d79115,bc1q2e4dlgwe6227fa6ye3y9d82t883jx7fp6drqkx,376408.2373178654,,danavinson,Huntington Bank
-1,e2151569-f1d6-11ed-b98c-8aaa7358c764,bc1qygq7f0czfa63g3jex99rav22lawkrqckgkjaxs,1124762.3939442793,,1swipe,well fargo
-1,1b26442b-f253-11ed-9d6f-b20100d79115,bc1q2qan2l3s24nsa5q2pcka0hvs8nagrk89t8vy3j,528124.5166717592,,densco,PayPal log
-1,50d988f0-f382-11ed-8359-4684cf0bff43,bc1qdjptj2shk7y0gaxg5jym5kz5sw3h30t4n3eanw,407491.92425095575,,berrythegoat30,Wells Fargo
-1,e15f7999-f3ab-11ed-befc-46a39b446732,bc1qqvz5vjl55w4tjthkhpcnv2chwq4zemdun6v79a,521914.8309555143,,lunatic,PayPal log
-1,d4e055a3-f3f4-11ed-a13d-46a39b446732,bc1qdp33y5kjtuzfgtt6qadgslm0dkjr82pey35cfq,561016.1123827476,,mr clean,Wells Fargo
-1,d86ca0d7-f3f8-11ed-b288-4684cf0bff43,bc1qucfh2sgmzmf9vx263dkm5ajlgujy89f9s7tz8z,787041.5482981162,,mr clean,Huntington bank
-1,09832d18-f4dd-11ed-a7ab-4684cf0bff43,bc1qmmx9lzs54phwa24ea32e3mxuekpl0ee5q6x2xw,559555.3400231283,,instantsteppa,Chase bank
-1,ccba6146-f4fd-11ed-9eaf-46a39b446732,bc1qz456ymfkf04e52rdw0t99qn0093apy7zscpmh7,553307.4877257955,,alex55,Chase bank
-1,dfa5c1e8-f54c-11ed-b166-46a39b446732,bc1qj5xfmys8yuq2nqxtjl84yprat7asy8exhy0ezx,2225552.3078977433,,ghaza,Chase bank
-1,ec0a71bf-f54c-11ed-b097-46a39b446732,bc1q9yk28smlmgslkhukmrfrmln0yshzw4j4r66c05,2225552.3078977433,,ghaza,Chase bank
-1,e3d654d2-f571-11ed-bea7-4684cf0bff43,bc1q6wzenh7c2qapn73vf82rhfaphszv9swuxv7qft,811266.2760296629,,ds4pascal1,Chase bank
-1,5553d51d-f576-11ed-8f97-4684cf0bff43,bc1qctkzkp6kks8wsmvfkfj62s2pczdv9qa0lc6gle,441783.92348302447,,postinscumbagz,Wood forest bank
-1,94c05528-f57c-11ed-964d-46a39b446732,bc1q37tutp6ytf07389lygshxasf274kvennuhyfk9,741405.2595289111,,venicesconfidential,Decryptor
-1,188e78b9-f57f-11ed-92a2-4684cf0bff43,bc1qlghjnwzgn68jv4ygquec9250zqgl8fmpausc4h,741971.864426901,,venicesconfidential,Decryptor
-1,a13ef1dd-f580-11ed-a0e5-46a39b446732,bc1q3lw2vyh94c4ztqmp2hqs95939enyv7h6d5hvh4,742046.1923754754,,venicesconfidential,Decryptor
-1,1cf8c94a-f5a1-11ed-be49-2e4fbd27e5e2,bc1qfx428yadzm4l6lq4d5sr2ja3y0u7n0mu42xuls,523045.7702409373,,quay,PayPal log
-1,e60fde21-f5a2-11ed-8221-2e4fbd27e5e2,bc1qsft8gqwwcld03c0wfcxmpc5we0nrymznfuvzgt,747442.8112819017,,blackspot,Decryptor
-1,207b5fc2-f5ac-11ed-93a1-2e4fbd27e5e2,bc1qrp75fqqs3tc66uwukte5pnwwtfp66kg4ecgu69,455428.71022589266,,maryjanekilla,wells fargo
-1,46de9101-f5bf-11ed-860d-2e4fbd27e5e2,bc1qw6myk6dwsr4jjeu25jv5xu3kunjgtqww83fcvx,2758589.416085977,,phahte,PayPal log
-1,8d556315-f5ea-11ed-abc3-2e4fbd27e5e2,bc1qks9r7s9chvctufknas0mjs5qy6jxf92dk9nu43,564584.729112247,,mickyy001,Chase bank
-1,93808f0c-f67a-11ed-9f55-f225f29be741,bc1q4g5r8mrgmrlwjxr79e9cpmra5kam6xweev90ch,564746.2783220259,,johnjones,Clone cards
-1,aac45d4a-f698-11ed-96d1-f225f29be741,bc1qcuk0mv9yvkl8j0hjyfdh3hnj5uts9lem83e9y8,563685.1480237199,,1swipe,Boa bank
-1,21e7c746-f6b9-11ed-bbdf-2e4fbd27e5e2,bc1qujnx3pqkml9jc74vwf5ssqarevx8mzk7ahxaa0,564302.240279894,,shawraw,Clone cards
-1,6430d0ad-f756-11ed-84d1-f225f29be741,bc1q790gezjzjfhp9ete3zhxd3mcw7q6kh8lc6gqz6,560270.1249028865,,garbalbabaa,Wells Fargo
2,0398bede-e87a-11ed-8e8c-7aad1c96f368,bc1qhsd2asy0kfg2rg5qn4jksvhmpvmshyz5ha95h2,538661.5338207622,7400.0,kobbybryan,Chime logs
-1,769736a5-f756-11ed-8602-2e4fbd27e5e2,bc1qezwrlve94hy9vaacuw5gvvt65zp5kywzzuy29n,560270.1249028865,,worldjay1,Cashapp logs
2,41226647-f757-11ed-a84a-2e4fbd27e5e2,bc1q5lllt99lsruljhtktfnap2r6cc43wgu4y5jy37,560088.1205309635,560832.0,garbalbabaa,Wells Fargo
-1,5205bf61-f7a0-11ed-8d00-f225f29be741,bc1qqy0juvkn3y40w5v4lly58rzpz28nyltszfk5hy,447365.57596453885,,vintonjr,Paypal
2,39579209-f7c3-11ed-ae9d-f225f29be741,bc1qhlmscgsmzhghgxp7pxmjgglv35celyelzqvqee,746157.2899567229,746157.0,garbalbabaa,Decryptor
-1,abcba590-f807-11ed-bcb5-f225f29be741,bc1qka47t3vn78uesgmdekwnjs5xrvrhqkud375unf,863888.7010869973,,jbrzy,BOA
-1,5dd60272-f814-11ed-85a6-f225f29be741,bc1qhh5hc2k6c7cujtdzj2nxvmyxpffa4u2xzdvaae,525511.7170344623,,pino4et,PayPal log
-1,07d0dad1-f946-11ed-afe7-2e4fbd27e5e2,bc1qj2fu0ff4da3wlgtm8e79hw2rzwgh874dcqrh48,555090.9238933338,,zeus,Cash App log
-1,dbcc5858-f9a2-11ed-9f03-1eb3ec75e36e,bc1qa958ra34u3z0jrzx30jwlaxsp76856puwajvft,371384.11144494417,,michael574,Huntington bank
-1,e386458b-f9a3-11ed-afb8-1eb3ec75e36e,bc1qzgk8ttepscqpk2jc3sdepqklj5s58ky3pvfw90,371317.9186888022,,michael574,Huntington bank
-1,73263104-f9b7-11ed-bbdb-72fccc0ef01c,bc1qzs7pgsen3ecpwgzngutw2rq9dzvefvny7z8a6j,371098.8236167291,,blucookiez,Huntington bank
-1,9545fda8-f99d-11ed-b53e-1eb3ec75e36e,bc1q38h3mxjd7dya2yhx0fxd2nnz0le2j2gy95qg4y,3719.822936428226,0.0,michael574,Huntington bank
-1,aef2e1a5-f9c0-11ed-b46e-1eb3ec75e36e,bc1q3p6rvcc9dl8hyy3t4am323kfr6df9xrn7ellyd,742164.5972643812,,michael574,Decryptor
-1,a772a6fb-f9c1-11ed-be1f-5a2f5a7f5281,bc1qeqjwjjw3rkaahvryp9xn3yy9ay0tr7lqg38up8,741735.2153628198,,michael574,Decryptor
-1,1cc5861b-d5be-11ed-8728-d2010c3111f8,bc1qqng8rzf5g9xcgxj0qredtlw7antpex4saw5wpv,71972.99573200135,100000000.0,Kelly,Decryptor
-1,bf5bc8bb-f9c4-11ed-9add-9655767d675d,bc1qyleqxetdvyn9xqsr229prcatmn99yxmdmsxp2r,1298590.47279824,,michael574,Decryptor
-1,c0d12579-f9cf-11ed-9456-9655767d675d,bc1q0u375ztpdp3w8g7ja4x5ypqjf0zamhj47fdxkc,483807.3404738335,,playap900,Huntington bank
-1,b2b28d1c-fb6b-11ed-be47-9655767d675d,bc1q3fh4fvdknw0gr4gahrz5pldfcgsm2cpj03wj4m,420965.6185898417,,bezzal,Chime logs
2,c2022d7a-f9cf-11ed-8479-9655767d675d,bc1q902laggae4urwsa3crh8gwjg7kz2whwpk5c0z3,483807.3404738335,478522.0,playap900,Huntington bank
-1,bbdb2cd7-fa23-11ed-a984-5e4f6e938e72,bc1q0f06y8mkcn8d0m9jamqfpng8ar3xft9e80zcsh,756352.4148441724,,michael574,Decryptor
-1,16d86b65-fa69-11ed-9f22-9655767d675d,bc1qthp62ptgw7qlxezdcpt7f0y7hpp9jtcycpdkpp,767651.1793041242,,michael574,Decryptor
-1,bee26720-fa6a-11ed-b5a1-9655767d675d,bc1qj9udve0ajq2zahzu0kt4ep4m309yz0c994j92w,767695.3784738216,,michael574,Decryptor
-1,3918296d-fa6c-11ed-a55a-5e4f6e938e72,bc1qzcc2cqefztw94lacmral7zeh4szwugjycvuyck,768604.0613038599,,michael574,Decryptor
-1,beb848d6-fa6c-11ed-8999-9655767d675d,bc1qtllagqt7tk2ujvgp4wa4xze0af8ltymk9y9ks9,769799.2363591575,,michael574,Decryptor
-1,678d00db-fa6d-11ed-bb7d-9655767d675d,bc1qqs9mkycp2ljaqc3d5hwkrx3xrk28tec3v8e3ph,769974.0903718589,,michael574,Decryptor
-1,740d03ff-fa6f-11ed-8bb0-9655767d675d,bc1q6e45suwncz4va0wryyx2ngv8uslx2yg60023py,769588.9240762047,,michael574,Decryptor
-1,8210fcad-fa72-11ed-b544-5e4f6e938e72,bc1q3rzpgj2ee0eu0y5rff6ufgpnpg9mzq3d8htsg6,763551.1235654784,,michael574,Decryptor
-1,d5ee4cc2-fa74-11ed-ac98-9655767d675d,bc1qkmfgd6t4zev7jg6azxhjrchu0djnncvda9eqx4,767194.7523878937,,michael574,Decryptor
-1,e644e3d0-fa75-11ed-9016-5e4f6e938e72,bc1qjcgw7gynjwuquad648muxvjxe22zjhzwdgvh27,764543.5292858399,,michael574,Decryptor
2,58717d87-fbe7-11ed-82b3-5e4f6e938e72,bc1qefcf2hp0e3f5sm8qhhw2m4rmh9n4y44lvjxph8,762198.0266693089,741855.0,quay,Decryptor
2,74beba76-fbbc-11ed-92d0-9655767d675d,bc1qf2ve4kwaedll7v762gds66spw95rl8v8jedp2n,381099.01333465445,385589.0,greensuch,Cash App Logs
2,9bf5e64a-fa76-11ed-acda-9655767d675d,bc1qj0cfnmdl7pcnutsg9cg0vszyk97jhuk0d5v2ra,763985.7134671581,763986.0,michael574,Decryptor
-1,241c495b-fa83-11ed-a549-9655767d675d,bc1qf83pdgufd8k9ykl6xz7kueurp0p844fv3cyj3q,575021.0841064173,,mularackz,Clone cards
-1,feac2c93-fad6-11ed-8981-5e4f6e938e72,bc1qt8rl70vhuugdrg63qtkr0d59qj4u898excp0ne,616510.9334360851,,brooks,well fargo
-1,67e3a291-eab3-11ed-8bd0-022ac2de6b4a,bc1qt5k55uv7gpc5jqy9h83j9eevzyvqepsv8g7jzy,3495.24471955904,0.0,quay,TD bank
-1,beca6211-fb35-11ed-892a-5e4f6e938e72,bc1qe20yvvufwu5ssyew57s7ytj0n4q3g73y5ujnqs,763419.9687761232,,quay,Decryptor
-1,b23a15d1-fb42-11ed-9b82-9655767d675d,bc1qwyf78dww0k7p6ftm43k3acrj53yypmr8muvx3v,534247.1503638605,,greensuch,Cash App log
-1,196fa11b-fb4a-11ed-a2bf-9655767d675d,bc1q0emvl7zaadeglqya7n42jwq2k8agtt0dhgfhxh,534114.66678875,,greensuch,Cash App log
-1,26dae772-fb56-11ed-b388-9655767d675d,bc1qsw3u4kvmdlwdlgzyxqtz05u6sa2hzvf84a2w2h,610344.5776606255,,hershmzuri,USAA bank
-1,6bdd3dfc-fb5e-11ed-9e89-9655767d675d,bc1qh7pp4dal6r2jmr44aaa95nqm2pjlkhw09t2jcv,381835.3296957154,,benedict amoah,Huntington bank
-1,e551f8ab-fbc3-11ed-80e3-5e4f6e938e72,bc1q6tfegv7tltlwpttha6m2pf4xpvhcuhnzhdgg52,3810.990133346545,0.0,greensuch@ccmail.uk,Cash App Logs
-1,e551f8ab-fbc3-11ed-80e3-5e4f6e938e72,bc1q6sp9vsc0mm49ms66vdqnzxzyjakzwy8f2t85gp,3810.990133346545,800381.0,greensuch@ccmail.uk,Decryptor
-1,4a870f13-fb15-11ed-b2c6-5e4f6e938e72,bc1qc5kfpfkhnu32t22ah27rkgf705cjs70jgqdclw,3849.7222425402006,0.0,bezzal,Chime logs
-1,8f94d028-fbee-11ed-8393-9655767d675d,bc1qehgsaffztskmarjdhvq3nzmwkxprgcgwfq0a0w,762198.0266693089,,quay,Decryptor
-1,4a870f13-fb15-11ed-b2c6-5e4f6e938e72,bc1q845uhtffg52jr56heja2aq4cackrl9me4k7gvz,3849.7222425402006,22393.0,bezzal,Decryptor
-1,e127cff9-f2a5-11ed-afd6-8aaa7358c764,bc1q23h5qvvqd5zduspkhh5atz7xmkt4hkxs737tyg,3753.4719615644467,0.0,dave654,Huntington bank
-1,62bcf3a0-fcb1-11ed-9fda-0ee0666ff490,bc1q9hge5at77gs3fy3y54cpe83mkr7rasg8uhj8ll,416483.66626785207,,@hero,Huntington Bank
-1,acc3f657-fd9c-11ed-9f60-0ee0666ff490,bc1qgxupt7jcq75r2t2hq74lmwtkwmt2cdllntg3xm,366452.04791726975,,achie020,PayPal log
2,5709d079-02d9-11ee-9689-0ee0666ff490,bc1qv3xupzpj4ahpljha8wg9v22jl5deuems82v7rv,371130.5006179323,748410.0,gabe,Huntington bank
-1,d2316718-04c6-11ee-b1dd-62ff7b72f28f,bc1qeateldrstm7z7knqelm65ekguxdc70a56alaly,593471.8100890208,,chasebanks922,Cash App Logs
-1,7d24c422-0521-11ee-b956-0ee0666ff490,bc1qm4mffk7z9cs57c2ll0vv3ukju9un4860neekxc,418058.61181737686,,jimmyhendrix1,Cash App log
2,7ccbvvfr,,1.0,1.0,Kelly,Huntington bank
2,88bccer,,1.0,1.0,Kelly,Boa bank
2,i99755cv,,1.0,1.0,Kelly,Wood forest bank
-1,a9022d9e-fe00-11ed-b90b-62ff7b72f28f,bc1qxv4q59242058nffkt7z3v6503crxzr9373wz2u,361994.8813923771,,karl2121,PayPal log
-1,d6b53536-fe37-11ed-8e67-62ff7b72f28f,bc1qxgpajzqcg46cmshnduwy4eqlh6me5cpegjcwna,729604.8095549046,,playap900,Decryptor
-1,efb4ba7e-fe57-11ed-988c-62ff7b72f28f,bc1qj26wd9wrhl9ne7y8qpj9773p86kctmdkgajr2n,401263.61560404766,,yrn1017,Chime logs
2,a321a302-ef72-11ed-a0bb-022ac2de6b4a,bc1qhzacndeq427sjp032qmtuhtg6ecdp4cw5q5kew,543555.0675638949,10838.0,quay,TD bank
-1,92764ffe-feeb-11ed-9f30-62ff7b72f28f,bc1qtq653m9nz55f74atgswjdcgxxc3cyql9nzgym4,361496.3055077577,,linda_smith,Cash App Logs
-1,6099ffea-ff38-11ed-8c4f-0ee0666ff490,bc1qxv0ms4lq2vsklqu6auvdugdw8m5mzsr8m60hsx,583298.6999730224,,normankipyegon,well fargo
-1,42158bc1-ffe3-11ed-9744-0ee0666ff490,bc1qgkwnx4hswq4hv7hg6lm4pzc4valmjg59u5yj44,410535.076490149,,cassie1,Chase bank
-1,5b11b7b2-fff2-11ed-becb-62ff7b72f28f,bc1qxfsk38pp50w5nrgyfnwwt5dhpq32pmtn8hqqfh,447358.90486540087,,wawa,BOA bank
-1,d8facb3a-fff2-11ed-92d1-0ee0666ff490,bc1q8ull86dpm2ve97pxwpm3m52cl6ykp2yxypp7wr,447358.90486540087,,wawa,Wells Fargo
-1,7500597a-01e7-11ee-bd50-0ee0666ff490,bc1qd6rytv8at02kqnmjaqtqn33677hptry33nkn3r,408738.07692450605,,griff,Cash App Logs
-1,1e891e5e-01e8-11ee-84a3-0ee0666ff490,bc1q4aarzxh9sqa5ut6tfecvpe5e7z96vf0etwre22,520204.3660009289,,jasper3004,Huntington Bank
-1,4eb0a72f-022e-11ee-a930-62ff7b72f28f,bc1q7mffhwcng03dwp2xfja5jy6yxhcwa8nfff0cza,517990.93515863473,,wawa,Chime logs
-1,078edcde-0294-11ee-9ab3-62ff7b72f28f,bc1qmdax52ut8tp5lmck6as8287gv4d2h22c0a980h,560224.0896358544,,ayush1712,Huntington bank
-1,5878d5d8-02d9-11ee-881a-62ff7b72f28f,bc1qce83trt4uchyuw30ngwkzuc6cfzs33r3shxgxa,371130.5006179323,,gabe,Huntington bank
-1,5704d5a1-031e-11ee-ab71-62ff7b72f28f,bc1qhhfmewmcpdkcrscepp3tx8taj2yz4k9guf8g98,518556.93014297355,,derrick,Cash App log
-1,5ef8106b-0320-11ee-9a12-62ff7b72f28f,bc1qn34932rmut8z4tvf4nvxhf492mf4qyw38g74nd,519655.9877361186,,derrick,Cash App log
-1,f29b8dba-034e-11ee-8f3a-0ee0666ff490,bc1qsla9uz3fzpsu2q86gwl3e2feet6vnt4pf06c8w,451039.64638491726,,deelishuss1,BOA bank
-1,f13afb6c-0355-11ee-b033-0ee0666ff490,bc1q7vhpakrmvm7njnhgj6hwdsp2zg3t4gqf8efg25,451455.3792789505,,deelishuss1,BOA bank
-1,091cbb56-0380-11ee-8edd-62ff7b72f28f,bc1qayt4y0gc9s28deadn8t5euf9g3gpa6zwu4gs5z,452828.47989252873,,deelishuss1,BOA bank
-1,eb605044-03a6-11ee-829e-62ff7b72f28f,bc1q0xgg8qvx4t84275wxsxf0j4nsg2qc3gm0qtly2,415448.6467704533,,simbalionking,Huntington Bank
-1,e916848a-0562-11ee-903b-0ee0666ff490,bc1qgdf2gmykqg70vewn97qaqflgvqnlx0reznc4g3,381404.2541830512,,jugg12,Cash App Logs
2,16dd9285-fd7c-11ed-b649-62ff7b72f28f,bc1qw3kwftfczg04qgk8hlnldtcmftmtryhmx546rc,407765.33475680504,418115.0,nhlovusfiso@gmail.com,Chime logs
-1,44feed1a-f9a3-11ed-9e6a-1eb3ec75e36e,bc1qgxupt7jcq75r2t2hq74lmwtkwmt2cdllntg3xm,3710.726597375032,0.0,eviltazz,Huntington bank
-1,80ad7315-03e8-11ee-b981-62ff7b72f28f,bc1qmhg4rn2u8pnqcjd08svmel2lknl8plgkumduk0,789306.4758649812,,eviltazz,Decryptor
-1,85ff88d6-043c-11ee-9cda-62ff7b72f28f,bc1q6zsa4xdt70njerq0yr55fge3kp2s7mfl25j9q9,391394.0281099191,,benedict amoah,Huntington bank
2,f2749aa8-ff14-11ed-b014-0ee0666ff490,bc1q7h8rga8heutq0t8sclfh9hqq6z39l5jqv0rx9e,401270.93448704807,89428.0,jr4solid,wells fargo
-1,ba219276-0450-11ee-9bdf-0ee0666ff490,bc1qej4l4a6dcaqqcg7lgeqvwg860889yy4ksll8a8,588173.0169746733,,normankipyegon,Huntington bank
-1,31ed1d99-046c-11ee-b4e3-0ee0666ff490,bc1qrcnpcs6mgyp88ejsxpz52ul5nru5ucz2kurtx6,396237.33031136333,,jac999,PayPal log
-1,f37110ba-06d6-11ee-a3bf-0ee0666ff490,bc1qrlrl07alhs7kr6vfeu74t93fzn7j5w55l0q7s6,569904.4840084801,,jitx22,Wells Fargo
-1,ac43d376-06df-11ee-b325-0ee0666ff490,bc1qe4yqtq54e9vs0mauruvq9el5a0vzkpjx3wsej4,3819.053256697665,495590.0,tommyshellz,TD bank
2,fb6ad17f-05cc-11ee-9745-62ff7b72f28f,bc1q2ndgtmfc72yzyzutnygvl350a0rt26lwnpdw0y,3820.030713046933,392337.0,abel123,Chime logs
-1,dc8e69b9-0663-11ee-928e-62ff7b72f28f,bc1qnvz2hkf2rude334qw6mphyfwy8pn0eeyj8rqs8,533825.4695757612,,1tommy01,Chase bank
-1,f894dc1f-0663-11ee-8bf0-62ff7b72f28f,bc1q4ujw7732aelyx8zesv07k4prpxthzx9x9tw525,533248.0136511491,,1tommy01,Chase bank
-1,598fcd25-06e2-11ee-a877-62ff7b72f28f,bc1q7ez0rafzqpaacavfaf5nc6khsq97ce574kl24d,762337.4791786576,,tommyshellz,Decryptor
-1,52eb1a57-06e8-11ee-9131-62ff7b72f28f,bc1q5xj6tea78umadzv6pcc9h9dglwls6wae3rcade,3817.8284955083245,434782.0,tyler9755,Huntington Bank
-1,7923d1fa-06f0-11ee-a2d5-62ff7b72f28f,bc1qrl7ahkzwrghvz2qe2ak4t7mzzvdl9t7f3vup7j,762776.5064836002,,tyler9755,Decryptor
2,dfcc43d5-06f0-11ee-8906-62ff7b72f28f,bc1qfzrx8e7tr4kcuah73z7wr233ja0je6zzc7tvw2,762090.5668429637,762090.0,tyler9755,Decryptor
-1,321dd52e-072a-11ee-bac9-0ee0666ff490,bc1qrevazdek03tmqjwuvt2sxjl55lnctfqeefxcfs,763647.3323889561,,1tommy01,Decryptor
-1,4e98254d-088d-11ee-9fad-0ee0666ff490,bc1q2ndgtmfc72yzyzutnygvl350a0rt26lwnpdw0y,543754.7821291107,,actors,Huntington Bank
-1,7442903d-088d-11ee-9129-62ff7b72f28f,bc1qxk6uvsgtgaackk5jj7h7ej4fxlpadj5xgjaytp,388396.2729493648,,actors,PayPal log
-1,7d6f7b8f-088d-11ee-9013-0ee0666ff490,bc1qnq9rm6l8y6z6x9xxqw8u24dqn4p7q4y39ufgmv,388396.2729493648,,actors,PayPal log
-1,b0418300-08d8-11ee-8871-62ff7b72f28f,bc1q7f2c732ajwk8dkdnynfpp3z6ga2cqr6f8mz3z8,782466.4908725283,,angel89077,Decryptor
-1,627933b3-08dc-11ee-9f78-0ee0666ff490,bc1qtpzx8j58cpcdqcrufed7k2lffnm3m4k9d7ggcd,391273.0459824084,,mjefferson,Huntington bank
-1,6b4869a5-08f4-11ee-b9a8-62ff7b72f28f,bc1qxhpekk0y5xsth6ly69df7xqfw8vpc773jlnp8t,391277.63887421595,,htown4200,AFCU bank
-1,a3f722d7-094d-11ee-8f82-0ee0666ff490,bc1q67tf5l2uz8cmk0m63hqlqyhrh7m2fz6xc97qk7,391835.71112304035,,mommyof4,Huntington bank
-1,e6937f64-095a-11ee-ba9b-0ee0666ff490,bc1q73hha6c5sxk30xxmjenjthf5v6z2l0pgqhe3gk,625703.9169065198,,alex98009,well fargo
-1,d1bdb4a3-097b-11ee-b79c-0ee0666ff490,bc1q0th2v4n4u44xnu3qfjkle9nut76fekdc9vtfkg,585368.138022002,,1tommy01,Chase bank
-1,9e0aa779-097c-11ee-8c31-0ee0666ff490,bc1qwf0xpxweglgyq66he306arlq0uqy590z386uel,390000.39000039,,needofmoney,PayPal log
-1,bc449b83-098a-11ee-b9d9-0ee0666ff490,bc1q40xhr9x282xa7azf0g3znsfamw7540cf3p5xwj,388869.01336153934,,wannyp,Huntington bank
-1,4d8f7e1f-0a5a-11ee-928a-62ff7b72f28f,bc1qk7maa23rxne9wfatge6x2a4q6an3fv868cpevf,427121.43450675235,,greggyboy,Chase bank
-1,4ec018fd-0a5a-11ee-b170-62ff7b72f28f,bc1qfyglp82wgevvv6nh9d59k3znqdu05y0hzgd9c8,427121.43450675235,,greggyboy,Chase bank
-1,702c877f-0a8f-11ee-ab0b-0ee0666ff490,bc1qws9m9h2alaat6p8qa0ggqzxn5yutyu70qeq8qt,389414.16532967804,,bossaleni8,Cash App Logs
-1,aabea4f6-0aa1-11ee-a0a3-0ee0666ff490,bc1qgnhc5gfld3972npcjrq66pmvh36fl9xadc5l93,389183.8037268241,,jac999,PayPal log
-1,c98389f5-0aea-11ee-bd1d-0ee0666ff490,bc1qrvdkz90a5l0hmtegz54rtfpa0juqfkulm8st8u,389934.99783586076,,1tommy01,Chime logs
-1,cb26ab84-0aea-11ee-8182-0ee0666ff490,bc1qucl0l72xxdy698hts2rmmyl0peuzvupjkzg7vm,389934.99783586076,,1tommy01,Chime logs
-1,cd5aa2ff-0aea-11ee-8a91-0ee0666ff490,bc1q4mg2zy48ty8wch34sskakxjglw969ey3ma9rer,389934.99783586076,,1tommy01,Chime logs
-1,ba2fefc0-094d-11ee-9b05-62ff7b72f28f,bc1qshxxj5c69e8zz5zyerhwkn0vc3xvrsgvuw4vlx,3918.357111230403,0.0,mommyof4,Huntington Bank
-1,ca9ef44a-0b72-11ee-92ed-62ff7b72f28f,bc1qe4yqtq54e9vs0mauruvq9el5a0vzkpjx3wsej4,566553.8954627127,,jimmysam,Clone cards
-1,0bdef92e-0bd5-11ee-98b0-62ff7b72f28f,bc1qt8frezgpn4wke95t4fa9etdm9lkxw35cy2nuqn,632471.0644488015,,riijiya,well fargo
-1,8cc9bc87-0bda-11ee-bdbd-0ee0666ff490,bc1qcsahekumdanzfjdwtpfgdtw72e82e477fcvzga,435472.8245163282,,game1,PayPal log
-1,0336be0e-0bfb-11ee-b4fd-0ee0666ff490,bc1q5xj6tea78umadzv6pcc9h9dglwls6wae3rcade,593091.6682482444,,riijiya,Citizens bank
-1,7ebe1791-0bfc-11ee-9201-0ee0666ff490,bc1qchlxkrc6u3crtjutfjsj4m2h80y9u87ajw209v,513795.40666906437,,riijiya,Citizens bank
-1,6e73933b-0c26-11ee-9beb-62ff7b72f28f,bc1qzkpckjrz7z9fmwazdaae8kg954jl2njktmmqds,474124.6473697935,,dmsohel,Cashapp logs
-1,8454c1ae-0c11-11ee-bf4d-0ee0666ff490,bc1qspdyyhmppkd6r3ll65cpxrdeutz5fdlae5hq69,3950.289556224471,0.0,dmsohel,Cashapp logs
-1,7dcf2433-0c5d-11ee-935d-62ff7b72f28f,bc1q7n5ph7yxz8uu6a0ee8p2qg6y35vukmj9dhf7qa,631849.1460163885,,riijiya,well fargo
-1,413232f4-0e0f-11ee-ac0f-0ee0666ff490,bc1q4dpn4rmztx9pzg76vjjktv677p9gukhpe9kcnd,379365.54905575915,,sagarcn698,Wells Fargo
-1,101a1370-0e10-11ee-add3-0ee0666ff490,bc1qqc640qnn6qp76uvvy4n6jhjdtl2ne0sf4wy20n,606874.3694196006,,sagarcn698,well fargo
-1,a6cb5212-0e9d-11ee-8b32-0ee0666ff490,bc1q9834ugmlndgl7qnzf0m4gm0q5euz6r9le33ywe,571361.0964038533,,melissa.hughes2808131@gmail.com,Huntington bank
-1,40b1d7d5-0e9e-11ee-a6ae-62ff7b72f28f,bc1q8apue3qtfw706q8tehuthyfp4kwramr7q32d66,533441.037619024,,melissa.hughes2808131@gmail.com,Chime logs
-1,3ba13591-0ec6-11ee-8fc5-62ff7b72f28f,bc1qgfwhmgjclm65dfs5r04ec2y8n2ty9hxchxczye,417915.66461887996,,jeilahj,Chime logs
-1,057ca7f6-0eda-11ee-91bd-0ee0666ff490,bc1qu8jxsysmsafuqplwgjwetjmkwzt6a6ncu4m8yw,569134.6876209411,,chops,Cashapp logs
-1,6195567b-0f39-11ee-9640-0ee0666ff490,bc1qs5j0u9ldm2t0uugdhfy7pcttd83n7m44400cc3,414926.80313986423,,godhacker,Huntington Bank
-1,620e9ab1-0f65-11ee-8464-62ff7b72f28f,bc1qc2vqgpqpgxmtv4qsxn28kgjd79va7falfc88w3,412439.16522312956,,jeilahj,Chime logs
-1,6359b6e8-0f65-11ee-8e8d-62ff7b72f28f,bc1qfzmeuwsegy94zygcd2vad673k5u6v02hfamrsp,412439.16522312956,,jeilahj,Chime logs
-1,b0469fe1-0f65-11ee-8dd1-62ff7b72f28f,bc1q8rcmwu39pkscke7ny3p688378a5kadrewz8232,487428.10435460776,,jeilahj,Chime logs
-1,6e051d96-1050-11ee-8331-62ff7b72f28f,bc1qf5v5zv59cp75ph7mffvrfnmyvghnl8qht9mre7,433553.00018676126,,popi100,Clone cards
-1,e594a215-0de7-11ee-a61b-0ee0666ff490,bc1qtk7vr5jv9ny494a322yjf3hg5zyzrhm4tkslh0,3804.0893961008087,,jac999,Wells Fargo
-1,b857182c-0ec5-11ee-bbae-62ff7b72f28f,bc1qyf5rv9lzfwup58rshxc2etwvwuw347t795haky,3797.127093640951,0.0,banktella2,Cash App log
2,6c45225e-0fa8-11ee-adb1-62ff7b72f28f,bc1qg3mlfggfqg8eylqqcp77pvcfragekjt3hpmecy,360609.86340098374,376148.0,jac999,Wells Fargo
-1,87a43972-112d-11ee-9b2f-d240d6d975b9,bc1q7rn6ta9elx5xeultsqmh4muet49qk9ep36a5pz,847631.5090195392,,iko soft,Cashapp logs
-1,b857182c-0ec5-11ee-bbae-62ff7b72f28f,bc1qtekftev2cmcdt5qdt08nvrlngjps9emkt4khhl,3797.127093640951,0.0,banktella2,Decryptor
-1,2b7dea52-df81-11ed-91ad-e2440b1d7cfb,bc1qdp33y5kjtuzfgtt6qadgslm0dkjr82pey35cfq,3507.774983250375,560000.0,test 1,Wells Fargo
-1,a7d34961-13d7-11ee-8eb0-36b4f1878ef7,bc1qpdu583dt8shv40yxk4j84sjlq8dgmzw386md5m,899913.008409187,,iko soft,Decryptor
