Category,Name,Balance,Title,Info,Slug,Price,Status,PDF
Clone cards,Debit Card[Mastercard],8134,PAYMENT CARD,(State)+(Expiration Number)+(Name And Address)+(Email access)+(Zip),w1-5913,300,TRUE,static/cards.pdf
Clone cards,Debit Card[Mastercard],8134.337575,PAYMENT CARD,(State)+(Expiration Number)+(Name And Address)+(Email access)+(Zip),w2-5914,300,TRUE,static/cards.pdf
Clone cards,Debit Card[Mastercard],8135.225624,PAYMENT CARD,(State)+(Expiration Number)+(Name And Address)+(Email access)+(Zip),w3-5915,300,TRUE,static/cards.pdf
Clone cards,Debit Card[Mastercard],8135.392633,PAYMENT CARD,(State)+(Expiration Number)+(Name And Address)+(Email access)+(Zip),w4-5916,300,TRUE,static/cards.pdf
Clone cards,Debit Card[Mastercard],8135.996425,PAYMENT CARD,(State)+(Expiration Number)+(Name And Address)+(Email access)+(Zip),w5-5917,300,TRUE,static/cards.pdf
Clone cards,Debit Card[Mastercard],8136.463234,PAYMENT CARD,(State)+(Expiration Number)+(Name And Address)+(Email access)+(Zip),w6-5918,300,TRUE,static/cards.pdf
Clone cards,Debit Card[Mastercard],8137.121192,PAYMENT CARD,(State)+(Expiration Number)+(Name And Address)+(Email access)+(Zip),w7-5919,300,TRUE,static/cards.pdf
Clone cards,Debit Card[Mastercard],8137.388097,PAYMENT CARD,(State)+(Expiration Number)+(Name And Address)+(Email access)+(Zip),w8-5920,300,TRUE,static/cards.pdf
Clone cards,Debit Card[Mastercard],8137.816646,PAYMENT CARD,(State)+(Expiration Number)+(Name And Address)+(Email access)+(Zip),w9-5921,300,TRUE,static/cards.pdf
Clone cards,Debit Card[Mastercard],8138.313894,PAYMENT CARD,(State)+(Expiration Number)+(Name And Address)+(Email access)+(Zip),w10-5922,300,TRUE,static/cards.pdf
Clone cards,Credit Card[Visa],8139.262928,PAYMENT CARD,(State)+(Expiration Number)+(Name And Address)+(Email access)+(Zip),w11-5923,300,TRUE,static/cards.pdf
Clone cards,Credit Card[Visa],8140.182207,PAYMENT CARD,(State)+(Expiration Number)+(Name And Address)+(Email access)+(Zip),w12-5924,300,TRUE,static/cards.pdf
Clone cards,Credit Card[Visa],8140.358255,PAYMENT CARD,(State)+(Expiration Number)+(Name And Address)+(Email access)+(Zip),w13-5925,300,TRUE,static/cards.pdf
Clone cards,Credit Card[Visa],8141.254687,PAYMENT CARD,(State)+(Expiration Number)+(Name And Address)+(Email access)+(Zip),w14-5926,300,TRUE,static/cards.pdf
Clone cards,Credit Card[Visa],8141.547866,PAYMENT CARD,(State)+(Expiration Number)+(Name And Address)+(Email access)+(Zip),w15-5927,300,TRUE,static/cards.pdf
Clone cards,Credit Card[Visa],8142.005898,PAYMENT CARD,(State)+(Expiration Number)+(Name And Address)+(Email access)+(Zip),w16-5928,300,TRUE,static/cards.pdf
Clone cards,Credit Card[Visa],8142.21793,PAYMENT CARD,(State)+(Expiration Number)+(Name And Address)+(Email access)+(Zip),w17-5929,300,TRUE,static/cards.pdf
Clone cards,Credit Card[Visa],8142.736215,PAYMENT CARD,(State)+(Expiration Number)+(Name And Address)+(Email access)+(Zip),w18-5930,300,TRUE,static/cards.pdf
Clone cards,Credit Card[Visa],8142.820898,PAYMENT CARD,(State)+(Expiration Number)+(Name And Address)+(Email access)+(Zip),w19-5931,300,TRUE,static/cards.pdf
Clone cards,Credit Card[Visa],8143.512446,PAYMENT CARD,(State)+(Expiration Number)+(Name And Address)+(Email access)+(Zip),w20-5932,300,TRUE,static/cards.pdf
Clone cards,Credit Card[Visa],8143.520617,PAYMENT CARD,(State)+(Expiration Number)+(Name And Address)+(Email access)+(Zip),w21-5933,300,TRUE,static/cards.pdf
Clone cards,Credit Card[Visa],8144.168392,PAYMENT CARD,(State)+(Expiration Number)+(Name And Address)+(Email access)+(Zip),w22-5934,300,TRUE,static/cards.pdf
Clone cards,Credit Card[Visa],8144.785541,PAYMENT CARD,(State)+(Expiration Number)+(Name And Address)+(Email access)+(Zip),w23-5935,300,TRUE,static/cards.pdf
Clone cards,Credit Card[Visa],8145.111174,PAYMENT CARD,(State)+(Expiration Number)+(Name And Address)+(Email access)+(Zip),w24-5936,300,TRUE,static/cards.pdf
Clone cards,Credit Card[Visa],8145.990059,PAYMENT CARD,(State)+(Expiration Number)+(Name And Address)+(Email access)+(Zip),w25-5937,300,TRUE,static/cards.pdf
Clone cards,Credit Card[Visa],8146.930282,PAYMENT CARD,(State)+(Expiration Number)+(Name And Address)+(Email access)+(Zip),w26-5938,300,TRUE,static/cards.pdf
Clone cards,Credit Card[Visa],8147.912788,PAYMENT CARD,(State)+(Expiration Number)+(Name And Address)+(Email access)+(Zip),w27-5939,300,TRUE,static/cards.pdf
Clone cards,Credit Card[Visa],9678.749666,PAYMENT CARD,(State)+(Expiration Number)+(Name And Address)+(Email access)+(Zip),w28-5940,350,TRUE,static/cards.pdf
Clone cards,Credit Card[Visa],9678,PAYMENT CARD,(State)+(Expiration Number)+(Name And Address)+(Email access)+(Zip),w29-5941,350,TRUE,static/cards.pdf
Clone cards,Credit Card[Visa],9678.174952,PAYMENT CARD,(State)+(Expiration Number)+(Name And Address)+(Email access)+(Zip),w30-5942,350,TRUE,static/cards.pdf
Clone cards,Credit Card[Visa],9678.390047,PAYMENT CARD,(State)+(Expiration Number)+(Name And Address)+(Email access)+(Zip),w31-5943,350,TRUE,static/cards.pdf
Clone cards,Credit Card[Visa],9678.935272,PAYMENT CARD,(State)+(Expiration Number)+(Name And Address)+(Email access)+(Zip),w32-5944,350,TRUE,static/cards.pdf
Clone cards,Credit Card[Visa],9679.109021,PAYMENT CARD,(State)+(Expiration Number)+(Name And Address)+(Email access)+(Zip),w33-5945,350,TRUE,static/cards.pdf
Clone cards,Debit Card[American Express],9679.373675,PAYMENT CARD,(State)+(Expiration Number)+(Name And Address)+(Email access)+(Zip),w34-5946,350,TRUE,static/cards.pdf
Clone cards,Debit Card[American Express],9680.040036,PAYMENT CARD,(State)+(Expiration Number)+(Name And Address)+(Email access)+(Zip),w35-5947,350,TRUE,static/cards.pdf
Clone cards,Debit Card[American Express],9680.080195,PAYMENT CARD,(State)+(Expiration Number)+(Name And Address)+(Email access)+(Zip),w36-5948,350,TRUE,static/cards.pdf
Clone cards,Debit Card[American Express],9680.124393,PAYMENT CARD,(State)+(Expiration Number)+(Name And Address)+(Email access)+(Zip),w37-5949,350,TRUE,static/cards.pdf
Clone cards,Debit Card[American Express],9680.988708,PAYMENT CARD,(State)+(Expiration Number)+(Name And Address)+(Email access)+(Zip),w38-5950,350,TRUE,static/cards.pdf
Clone cards,Debit Card[American Express],9681.298504,PAYMENT CARD,(State)+(Expiration Number)+(Name And Address)+(Email access)+(Zip),w39-5951,350,TRUE,static/cards.pdf
Clone cards,Debit Card[American Express],9681.924841,PAYMENT CARD,(State)+(Expiration Number)+(Name And Address)+(Email access)+(Zip),w40-5952,350,TRUE,static/cards.pdf
Clone cards,Debit Card[American Express],9682.037717,PAYMENT CARD,(State)+(Expiration Number)+(Name And Address)+(Email access)+(Zip),w41-5953,350,TRUE,static/cards.pdf
Clone cards,Debit Card[American Express],9682.310213,PAYMENT CARD,(State)+(Expiration Number)+(Name And Address)+(Email access)+(Zip),w42-5954,350,TRUE,static/cards.pdf
Clone cards,Debit Card[American Express],9682.446498,PAYMENT CARD,(State)+(Expiration Number)+(Name And Address)+(Email access)+(Zip),w43-5955,350,TRUE,static/cards.pdf
Clone cards,Debit Card[American Express],9683.411207,PAYMENT CARD,(State)+(Expiration Number)+(Name And Address)+(Email access)+(Zip),w44-5956,350,TRUE,static/cards.pdf
Clone cards,Debit Card[American Express],9683.943543,PAYMENT CARD,(State)+(Expiration Number)+(Name And Address)+(Email access)+(Zip),w45-5957,350,TRUE,static/cards.pdf
Clone cards,Debit Card[American Express],9684.71696,PAYMENT CARD,(State)+(Expiration Number)+(Name And Address)+(Email access)+(Zip),w46-5958,350,TRUE,static/cards.pdf
Clone cards,Debit Card[American Express],9684.979244,PAYMENT CARD,(State)+(Expiration Number)+(Name And Address)+(Email access)+(Zip),w47-5959,350,TRUE,static/cards.pdf
Clone cards,Debit Card[American Express],9685.097936,PAYMENT CARD,(State)+(Expiration Number)+(Name And Address)+(Email access)+(Zip),w48-5960,350,TRUE,static/cards.pdf
Clone cards,Debit Card[American Express],9685.475094,PAYMENT CARD,(State)+(Expiration Number)+(Name And Address)+(Email access)+(Zip),w49-5961,350,TRUE,static/cards.pdf
Clone cards,Debit Card[American Express],9686.426366,PAYMENT CARD,(State)+(Expiration Number)+(Name And Address)+(Email access)+(Zip),w50-5962,350,TRUE,static/cards.pdf
Clone cards,Debit Card[American Express],9686.497066,PAYMENT CARD,(State)+(Expiration Number)+(Name And Address)+(Email access)+(Zip),w51-5963,350,TRUE,static/cards.pdf
Clone cards,Debit Card[American Express],9687.320654,PAYMENT CARD,(State)+(Expiration Number)+(Name And Address)+(Email access)+(Zip),w52-5964,350,TRUE,static/cards.pdf
Clone cards,Debit Card[American Express],9687.441248,PAYMENT CARD,(State)+(Expiration Number)+(Name And Address)+(Email access)+(Zip),w53-5965,350,TRUE,static/cards.pdf
Clone cards,Debit Card[American Express],9688.189134,PAYMENT CARD,(State)+(Expiration Number)+(Name And Address)+(Email access)+(Zip),w54-5966,350,TRUE,static/cards.pdf
Clone cards,Debit Card[American Express],9689.038587,PAYMENT CARD,(State)+(Expiration Number)+(Name And Address)+(Email access)+(Zip),w55-5967,350,TRUE,static/cards.pdf
Clone cards,Discover,9689.564857,PAYMENT CARD,(State)+(Expiration Number)+(Name And Address)+(Email access)+(Zip),w56-5968,350,TRUE,static/cards.pdf
Clone cards,Discover,9690.297418,PAYMENT CARD,(State)+(Expiration Number)+(Name And Address)+(Email access)+(Zip),w57-5969,350,TRUE,static/cards.pdf
Clone cards,Discover,9690.990884,PAYMENT CARD,(State)+(Expiration Number)+(Name And Address)+(Email access)+(Zip),w58-5970,350,TRUE,static/cards.pdf
Clone cards,Discover,9691.50727,PAYMENT CARD,(State)+(Expiration Number)+(Name And Address)+(Email access)+(Zip),w59-5971,350,TRUE,static/cards.pdf
Clone cards,Discover,9691.98211,PAYMENT CARD,(State)+(Expiration Number)+(Name And Address)+(Email access)+(Zip),w60-5972,350,TRUE,static/cards.pdf
Clone cards,Discover,9692.712716,PAYMENT CARD,(State)+(Expiration Number)+(Name And Address)+(Email access)+(Zip),w61-5973,350,TRUE,static/cards.pdf
Clone cards,Discover,9693.564887,PAYMENT CARD,(State)+(Expiration Number)+(Name And Address)+(Email access)+(Zip),w62-5974,350,TRUE,static/cards.pdf
Clone cards,Discover,9693.94635,PAYMENT CARD,(State)+(Expiration Number)+(Name And Address)+(Email access)+(Zip),w63-5975,350,TRUE,static/cards.pdf
Clone cards,Discover,9694.316704,PAYMENT CARD,(State)+(Expiration Number)+(Name And Address)+(Email access)+(Zip),w64-5976,350,TRUE,static/cards.pdf
Clone cards,Discover,9694.85496,PAYMENT CARD,(State)+(Expiration Number)+(Name And Address)+(Email access)+(Zip),w65-5977,350,TRUE,static/cards.pdf
Clone cards,Discover,9695.079924,PAYMENT CARD,(State)+(Expiration Number)+(Name And Address)+(Email access)+(Zip),w66-5978,350,TRUE,static/cards.pdf
Clone cards,Discover,9695.68894,PAYMENT CARD,(State)+(Expiration Number)+(Name And Address)+(Email access)+(Zip),w67-5979,350,TRUE,static/cards.pdf
Clone cards,Discover,9696.56203,PAYMENT CARD,(State)+(Expiration Number)+(Name And Address)+(Email access)+(Zip),w68-5980,350,TRUE,static/cards.pdf
Clone cards,Discover,9697.512739,PAYMENT CARD,(State)+(Expiration Number)+(Name And Address)+(Email access)+(Zip),w69-5981,350,TRUE,static/cards.pdf
Clone cards,Discover,9697.765036,PAYMENT CARD,(State)+(Expiration Number)+(Name And Address)+(Email access)+(Zip),w70-5982,350,TRUE,static/cards.pdf
Clone cards,Discover,9698.501393,PAYMENT CARD,(State)+(Expiration Number)+(Name And Address)+(Email access)+(Zip),w71-5983,350,TRUE,static/cards.pdf
Clone cards,Discover,9699.492088,PAYMENT CARD,(State)+(Expiration Number)+(Name And Address)+(Email access)+(Zip),w72-5984,350,TRUE,static/cards.pdf
Clone cards,Discover,9700.385922,PAYMENT CARD,(State)+(Expiration Number)+(Name And Address)+(Email access)+(Zip),w73-5985,350,TRUE,static/cards.pdf
Clone cards,Discover,9700.470575,PAYMENT CARD,(State)+(Expiration Number)+(Name And Address)+(Email access)+(Zip),w74-5986,350,TRUE,static/cards.pdf
Clone cards,Discover,9700.86611,PAYMENT CARD,(State)+(Expiration Number)+(Name And Address)+(Email access)+(Zip),w75-5987,350,TRUE,static/cards.pdf
Clone cards,Discover,9701.341728,PAYMENT CARD,(State)+(Expiration Number)+(Name And Address)+(Email access)+(Zip),w76-5988,350,TRUE,static/cards.pdf
Clone cards,Discover,9702.010345,PAYMENT CARD,(State)+(Expiration Number)+(Name And Address)+(Email access)+(Zip),w77-5989,350,TRUE,static/cards.pdf
Clone cards,Discover,9702.501195,PAYMENT CARD,(State)+(Expiration Number)+(Name And Address)+(Email access)+(Zip),w78-5990,350,TRUE,static/cards.pdf
Clone cards,Discover,9702.869145,PAYMENT CARD,(State)+(Expiration Number)+(Name And Address)+(Email access)+(Zip),w79-5991,350,TRUE,static/cards.pdf
Clone cards,Discover,9702.999432,PAYMENT CARD,(State)+(Expiration Number)+(Name And Address)+(Email access)+(Zip),w80-5992,350,TRUE,static/cards.pdf
Clone cards,Discover,9722.183264,PAYMENT CARD,(State)+(Expiration Number)+(Name And Address)+(Email access)+(Zip),w81-5993,350,TRUE,static/cards.pdf
Clone cards,Credit Card[American Express],9741.752485,PAYMENT CARD,(State)+(Expiration Number)+(Name And Address)+(Email access)+(Zip),w82-5994,350,TRUE,static/cards.pdf
Clone cards,Credit Card[American Express],9761.735276,PAYMENT CARD,(State)+(Expiration Number)+(Name And Address)+(Email access)+(Zip),w83-5995,350,TRUE,static/cards.pdf
Clone cards,Credit Card[American Express],9781.158057,PAYMENT CARD,(State)+(Expiration Number)+(Name And Address)+(Email access)+(Zip),w84-5996,350,TRUE,static/cards.pdf
Clone cards,Credit Card[American Express],9800.541561,PAYMENT CARD,(State)+(Expiration Number)+(Name And Address)+(Email access)+(Zip),w85-5997,350,TRUE,static/cards.pdf
Clone cards,Credit Card[American Express],9819.694782,PAYMENT CARD,(State)+(Expiration Number)+(Name And Address)+(Email access)+(Zip),w86-5998,350,TRUE,static/cards.pdf
Clone cards,Credit Card[American Express],9838.916263,PAYMENT CARD,(State)+(Expiration Number)+(Name And Address)+(Email access)+(Zip),w87-5999,350,TRUE,static/cards.pdf
Clone cards,Credit Card[American Express],9858.54621,PAYMENT CARD,(State)+(Expiration Number)+(Name And Address)+(Email access)+(Zip),w88-6000,350,TRUE,static/cards.pdf
Clone cards,Credit Card[American Express],9877.702836,PAYMENT CARD,(State)+(Expiration Number)+(Name And Address)+(Email access)+(Zip),w89-6001,350,TRUE,static/cards.pdf
Clone cards,Credit Card[American Express],9897.490886,PAYMENT CARD,(State)+(Expiration Number)+(Name And Address)+(Email access)+(Zip),w90-6002,350,TRUE,static/cards.pdf
Clone cards,Credit Card[American Express],9917.375483,PAYMENT CARD,(State)+(Expiration Number)+(Name And Address)+(Email access)+(Zip),w91-6003,350,TRUE,static/cards.pdf
Clone cards,Credit Card[American Express],9937.032153,PAYMENT CARD,(State)+(Expiration Number)+(Name And Address)+(Email access)+(Zip),w92-6004,350,TRUE,static/cards.pdf
Clone cards,Credit Card[American Express],9956.433292,PAYMENT CARD,(State)+(Expiration Number)+(Name And Address)+(Email access)+(Zip),w93-6005,350,TRUE,static/cards.pdf
Clone cards,Credit Card[American Express],9976.238398,PAYMENT CARD,(State)+(Expiration Number)+(Name And Address)+(Email access)+(Zip),w94-6006,350,TRUE,static/cards.pdf
Clone cards,Credit Card[American Express],9995.705959,PAYMENT CARD,(State)+(Expiration Number)+(Name And Address)+(Email access)+(Zip),w95-6007,350,TRUE,static/cards.pdf
Clone cards,Credit Card[American Express],10015.27398,PAYMENT CARD,(State)+(Expiration Number)+(Name And Address)+(Email access)+(Zip),w96-6008,350,TRUE,static/cards.pdf
Clone cards,Credit Card[American Express],10034.29561,PAYMENT CARD,(State)+(Expiration Number)+(Name And Address)+(Email access)+(Zip),w97-6009,350,TRUE,static/cards.pdf
Clone cards,Credit Card[American Express],10053.53138,PAYMENT CARD,(State)+(Expiration Number)+(Name And Address)+(Email access)+(Zip),w98-6010,350,TRUE,static/cards.pdf
Clone cards,Credit Card[American Express],10072.98685,PAYMENT CARD,(State)+(Expiration Number)+(Name And Address)+(Email access)+(Zip),w99-6011,350,TRUE,static/cards.pdf
Clone cards,Credit Card[American Express],10091.99594,PAYMENT CARD,(State)+(Expiration Number)+(Name And Address)+(Email access)+(Zip),w100-6012,350,TRUE,static/cards.pdf
Clone cards,Credit Card[American Express],10111.97655,PAYMENT CARD,(State)+(Expiration Number)+(Name And Address)+(Email access)+(Zip),w101-6013,350,TRUE,static/cards.pdf
Clone cards,Credit Card[American Express],10131.69559,PAYMENT CARD,(State)+(Expiration Number)+(Name And Address)+(Email access)+(Zip),w102-6014,350,TRUE,static/cards.pdf
Clone cards,Credit Card[American Express],10150.89293,PAYMENT CARD,(State)+(Expiration Number)+(Name And Address)+(Email access)+(Zip),w103-6015,350,TRUE,static/cards.pdf
Clone cards,Credit Card[American Express],10170.73544,PAYMENT CARD,(State)+(Expiration Number)+(Name And Address)+(Email access)+(Zip),w104-6016,350,TRUE,static/cards.pdf
Clone cards,Credit Card[American Express],10190.52359,PAYMENT CARD,(State)+(Expiration Number)+(Name And Address)+(Email access)+(Zip),w105-6017,350,TRUE,static/cards.pdf
Clone cards,Credit Card[American Express],10209.76822,PAYMENT CARD,(State)+(Expiration Number)+(Name And Address)+(Email access)+(Zip),w106-6018,350,TRUE,static/cards.pdf
Clone cards,Credit Card[American Express],10229.3032,PAYMENT CARD,(State)+(Expiration Number)+(Name And Address)+(Email access)+(Zip),w107-6019,350,TRUE,static/cards.pdf
Clone cards,Credit Card[Mastercard],10248.76146,PAYMENT CARD,(State)+(Expiration Number)+(Name And Address)+(Email access)+(Zip),w108-6020,350,TRUE,static/cards.pdf
Clone cards,Credit Card[Mastercard],10268.61161,PAYMENT CARD,(State)+(Expiration Number)+(Name And Address)+(Email access)+(Zip),w109-6021,350,TRUE,static/cards.pdf
Clone cards,Credit Card[Mastercard],10287.87814,PAYMENT CARD,(State)+(Expiration Number)+(Name And Address)+(Email access)+(Zip),w110-6022,350,TRUE,static/cards.pdf
Clone cards,Credit Card[Mastercard],10307.30269,PAYMENT CARD,(State)+(Expiration Number)+(Name And Address)+(Email access)+(Zip),w111-6023,350,TRUE,static/cards.pdf
Clone cards,Credit Card[Mastercard],10327.11086,PAYMENT CARD,(State)+(Expiration Number)+(Name And Address)+(Email access)+(Zip),w112-6024,350,TRUE,static/cards.pdf
Clone cards,Credit Card[Mastercard],10346.15821,PAYMENT CARD,(State)+(Expiration Number)+(Name And Address)+(Email access)+(Zip),w113-6025,350,TRUE,static/cards.pdf
Clone cards,Credit Card[Mastercard],10365.36604,PAYMENT CARD,(State)+(Expiration Number)+(Name And Address)+(Email access)+(Zip),w114-6026,350,TRUE,static/cards.pdf
Clone cards,Credit Card[Mastercard],10384.90113,PAYMENT CARD,(State)+(Expiration Number)+(Name And Address)+(Email access)+(Zip),w115-6027,350,TRUE,static/cards.pdf
Clone cards,Credit Card[Mastercard],10404.70141,PAYMENT CARD,(State)+(Expiration Number)+(Name And Address)+(Email access)+(Zip),w116-6028,350,TRUE,static/cards.pdf
Clone cards,Credit Card[Mastercard],10424.61537,PAYMENT CARD,(State)+(Expiration Number)+(Name And Address)+(Email access)+(Zip),w117-6029,350,TRUE,static/cards.pdf
Clone cards,Credit Card[Mastercard],10443.88495,PAYMENT CARD,(State)+(Expiration Number)+(Name And Address)+(Email access)+(Zip),w118-6030,350,TRUE,static/cards.pdf
Clone cards,Credit Card[Mastercard],10463.814,PAYMENT CARD,(State)+(Expiration Number)+(Name And Address)+(Email access)+(Zip),w119-6031,350,TRUE,static/cards.pdf
Clone cards,Credit Card[Mastercard],10483.76826,PAYMENT CARD,(State)+(Expiration Number)+(Name And Address)+(Email access)+(Zip),w120-6032,350,TRUE,static/cards.pdf
Clone cards,Credit Card[Mastercard],10503.62225,PAYMENT CARD,(State)+(Expiration Number)+(Name And Address)+(Email access)+(Zip),w121-6033,350,TRUE,static/cards.pdf
Clone cards,Credit Card[Mastercard],10523.449,PAYMENT CARD,(State)+(Expiration Number)+(Name And Address)+(Email access)+(Zip),w122-6034,350,TRUE,static/cards.pdf
Clone cards,Credit Card[Mastercard],10542.62808,PAYMENT CARD,(State)+(Expiration Number)+(Name And Address)+(Email access)+(Zip),w123-6035,350,TRUE,static/cards.pdf
Clone cards,Credit Card[Mastercard],10562.19414,PAYMENT CARD,(State)+(Expiration Number)+(Name And Address)+(Email access)+(Zip),w124-6036,350,TRUE,static/cards.pdf
Clone cards,Credit Card[Mastercard],10582.17432,PAYMENT CARD,(State)+(Expiration Number)+(Name And Address)+(Email access)+(Zip),w125-6037,350,TRUE,static/cards.pdf
Clone cards,Credit Card[Mastercard],10601.80545,PAYMENT CARD,(State)+(Expiration Number)+(Name And Address)+(Email access)+(Zip),w126-6038,350,TRUE,static/cards.pdf
Clone cards,Credit Card[Mastercard],10621.773,PAYMENT CARD,(State)+(Expiration Number)+(Name And Address)+(Email access)+(Zip),w127-6039,350,TRUE,static/cards.pdf
Clone cards,Credit Card[Mastercard],10641.35015,PAYMENT CARD,(State)+(Expiration Number)+(Name And Address)+(Email access)+(Zip),w128-6040,350,TRUE,static/cards.pdf
Clone cards,Credit Card[Mastercard],10660.97198,PAYMENT CARD,(State)+(Expiration Number)+(Name And Address)+(Email access)+(Zip),w129-6041,350,TRUE,static/cards.pdf
Clone cards,Credit Card[Mastercard],10680.69382,PAYMENT CARD,(State)+(Expiration Number)+(Name And Address)+(Email access)+(Zip),w130-6042,350,TRUE,static/cards.pdf
Clone cards,Credit Card[Mastercard],10700.42594,PAYMENT CARD,(State)+(Expiration Number)+(Name And Address)+(Email access)+(Zip),w131-6043,350,TRUE,static/cards.pdf
Clone cards,Credit Card[Mastercard],10719.88243,PAYMENT CARD,(State)+(Expiration Number)+(Name And Address)+(Email access)+(Zip),w132-6044,350,TRUE,static/cards.pdf
Clone cards,Credit Card[Mastercard],10739.71813,PAYMENT CARD,(State)+(Expiration Number)+(Name And Address)+(Email access)+(Zip),w133-6045,350,TRUE,static/cards.pdf
Clone cards,Credit Card[Mastercard],10759.42495,PAYMENT CARD,(State)+(Expiration Number)+(Name And Address)+(Email access)+(Zip),w134-6046,350,TRUE,static/cards.pdf
Clone cards,Credit Card[Mastercard],10778.71282,PAYMENT CARD,(State)+(Expiration Number)+(Name And Address)+(Email access)+(Zip),w135-6047,350,TRUE,static/cards.pdf
Clone cards,Credit Card[Mastercard],10798.44311,PAYMENT CARD,(State)+(Expiration Number)+(Name And Address)+(Email access)+(Zip),w136-6048,350,TRUE,static/cards.pdf
Clone cards,Credit Card[Mastercard],10817.80016,PAYMENT CARD,(State)+(Expiration Number)+(Name And Address)+(Email access)+(Zip),w137-6049,350,TRUE,static/cards.pdf
Clone cards,Credit Card[Mastercard],10837.24933,PAYMENT CARD,(State)+(Expiration Number)+(Name And Address)+(Email access)+(Zip),w138-6050,350,TRUE,static/cards.pdf
Clone cards,Credit Card[Mastercard],10856.43122,PAYMENT CARD,(State)+(Expiration Number)+(Name And Address)+(Email access)+(Zip),w139-6051,350,TRUE,static/cards.pdf
Clone cards,Credit Card[Mastercard],10875.99441,PAYMENT CARD,(State)+(Expiration Number)+(Name And Address)+(Email access)+(Zip),w140-6052,350,TRUE,static/cards.pdf
